﻿Date,Scene,Events,Pulled,Google Drive,Tom listen,Sources,Transcribed,Tom,Text,J,E
"2021! ",Diceroll/Introducing the show,,Yes,Yes,Yes,3,Yes,Yes,,No,No
2/2/2022,Jung Podcasters,,Yes,Yes,Yes,4,Yes,Yes,try just zoom,No,No
2/19/2022,Karla Mclaren,,Yes,Yes,Yes,4,Yes,Yes,try just zoom,No,No
4/9/2022,"Encyclopedia, Scrabble, Pre Map",Evan,Yes,Yes,Yes,3,Yes,Yes,,No,No
4/9/2022,Mapquest,"Quest 1 + 2, switch redo, talking after",Yes,Yes,Yes,1,Yes,Yes,(everything on the day of the map is in the same session),No,No
5/1/2022,Church,"Before, After, Interview",Yes,Yes,Yes,1/3,Yes,Yes,,Yes,No
4/20/2022,Guillaume,"Thomas Explains Guillaume, Guillaume With/Without Joe",No,Yes,No,3/4,Yes,Yes,Zoom file is enough,No,No
5/15/2022,Quaker,Before/after,Yes,Yes,Yes,1,Yes,No,,Yes,No
11/21/2021,Ashley,"Before, Interview, Post script, post scrip with tom and joe",Yes,Yes,Yes,3/4/3/2,Yes,Yes,try just zoom,No,No
3/12/2022,Randoms,"Book/argue (tom and evan missing), Will Calls, Darius call (missing), water on face, meditation, go outside",No,No,No,,No,No,,No,No
3/27/2022,Randoms 2 - dart throw,"dart, argument, chatroulette",No,Yes,No,3/3/2,Yes,No,,No,No
,Accidental Guillaume Sister conversation,,No,No,No,1,No,No,,No,No
"guillaume, darius call, water on face go outside",,,No,No,No,,No,No,,No,No